,title,subreddit,name,num_comments,is_video,pinned,id,selftext
0,R/AWW OFFICIAL DISCORD!!! JOIN NOW!,aww,t3_97vuvt,139,False,False,97vuvt,[Join here!](https://discord.gg/c9YAqy3)
1,r/catsandchristmastrees: /r/Aww Subreddit of the Week!,aww,t3_a7yh12,11,False,False,a7yh12,
2,Dog shares the other half of her biscuit,aww,t3_aag60g,110,False,False,aag60g,
3,Sooooo strong lion,aww,t3_aafv9q,188,False,False,aafv9q,
4,My uncles cat looks like freakin anime character,aww,t3_aaewwq,66,False,False,aaewwq,
5,Nothing will stop this dog from protecting his owner,aww,t3_aad0i8,2336,False,False,aad0i8,
6,Raccoon takes a bubble bath,aww,t3_aadabq,114,False,False,aadabq,
7,Just normal dogs doing completely normal dog things,aww,t3_aaf4fd,43,False,False,aaf4fd,
8,pupper stretching,aww,t3_aacz4x,66,True,False,aacz4x,
9,"I got a new hearing aid today, this cutie tested the volume levels by purring directly into it. Thanks Archie, you're the best!",aww,t3_aacl3x,271,False,False,aacl3x,
10,"Our family just picked up our very first dog, Coco. I think she likes us already",aww,t3_aadxm7,63,True,False,aadxm7,
11,look how happy he is!,aww,t3_aafq87,15,False,False,aafq87,
12,I'm speechless,aww,t3_aadm5j,122,False,False,aadm5j,
13,Found this on Discord. I thought it belonged here.,aww,t3_aaenqv,23,False,False,aaenqv,
14,Rescued this little guy after a dog bit him on his bill. We Have gotten real close since then.,aww,t3_aac5bs,110,True,False,aac5bs,
15,this baby donkey is so fluffy.,aww,t3_aaas2n,214,False,False,aaas2n,
16,"Every year I fall victim to SAD (Seasonal Affective Disorder). This year I started taking my neighbors dog for walks, and his joy for life has kept me positive through the long winter.",aww,t3_aah3cg,44,False,False,aah3cg,
17,Kisses for the newest lamb from the bestest boy,aww,t3_aag3d2,11,True,False,aag3d2,
18,German Shephard Caring for a Baby Goat,aww,t3_aacnzk,43,True,False,aacnzk,
19,This is my stop,aww,t3_aaf9zj,31,False,False,aaf9zj,
20,"He eats, He sleeps, But most importantly he hold his own feets!",aww,t3_aag3d7,11,False,False,aag3d7,
21,Little dumpling.,aww,t3_aabudc,31,False,False,aabudc,
22,This floppy fellow,aww,t3_aaauno,83,True,False,aaauno,
23,These two are adorable!,aww,t3_aaditd,12,False,False,aaditd,
24,Little human hold my hand,aww,t3_aaae6v,514,False,False,aaae6v,
25,"Am I a joke to you, Brenda?",aww,t3_aaab41,139,False,False,aaab41,
26,"When my pup is ready for bed and the TV is too bright, he covers his eyes.",aww,t3_aaa77w,151,True,False,aaa77w,
27,Cat has thumbs,aww,t3_aag2g9,33,False,False,aag2g9,
28,Floooof,aww,t3_aaer08,25,False,False,aaer08,
29,The cutest thing you'll see today.,aww,t3_aabc3r,61,False,False,aabc3r,
30,"This is Django, the neighbor‚Äôs cat I‚Äôm taking care of while they‚Äôre on vacation. His eyes are Steal Yo‚Äô Girl Blue.",aww,t3_aadiwz,34,False,False,aadiwz,
31,A Redditor painted my boy. I think it‚Äôs amazing.,aww,t3_aaezrc,24,False,False,aaezrc,
32,"Never wanted a cat growing up and now idk what I'll do if he's gone. Reddit, meet Fletcher",aww,t3_aag3u5,22,False,False,aag3u5,
33,Belly rubs?,aww,t3_aa9yyg,133,False,False,aa9yyg,
34,They are,aww,t3_aaa6lq,117,False,False,aaa6lq,
35,Went to a fish restaurant and felt like someone was watching me.,aww,t3_aacl37,34,True,False,aacl37,
36,Look this little goof ball üê±,aww,t3_aaapzv,105,False,False,aaapzv,
37,The face of regret,aww,t3_aaf2nn,18,False,False,aaf2nn,
38,"I‚Äôm aware the picture itself isn‚Äôt interesting but I wanted to share the fact that after 3 long years, my cat FINALLY ran up, touched her nose to mine, and promptly laid on my side to cuddle. This has never happened before as she generally prefers to be antisocial. Today was a damn good day.",aww,t3_aaglod,25,False,False,aaglod,
39,precious kitty gets thicc cheeks squished,aww,t3_aa9uog,74,True,False,aa9uog,
40,Nervous cadet reporting for duty!,aww,t3_aabigf,85,False,False,aabigf,
41,Nothing here,aww,t3_aa9ud9,38,False,False,aa9ud9,
42,"It took over a year to trust us enough to touch her sides. Now after 3 years shes tentatively starting to cuddle. Im not sure how her previous owners treated her, but im glad she's settling into her forever home.",aww,t3_aaeojb,18,False,False,aaeojb,
43,Now that's epic,aww,t3_aag8qb,5,False,False,aag8qb,
44,touchy tha soup,aww,t3_aaaqu8,64,True,False,aaaqu8,
45,Oh! A Butterfly!,aww,t3_aacmyh,17,False,False,aacmyh,
46,I brought my beautiful girl home from the shelter just in time for her first Christmas with a family,aww,t3_aaflb9,6,False,False,aaflb9,
47,A rare sheep breed spotted eating ice-cream,aww,t3_aa9odl,51,False,False,aa9odl,
48,The look I got before leaving her for a week to fly abroad,aww,t3_aaaadm,53,False,False,aaaadm,
49,I painted a puppy :),aww,t3_aaahui,66,False,False,aaahui,
50,Scratches please? üòç,aww,t3_aafgxs,9,True,False,aafgxs,
51,"The moment we laid eyes on her, we knew she was going to be part of our family. We adopted her yesterday. Reddit, meet Stevie!!",aww,t3_aagps1,6,False,False,aagps1,
52,Riding on a Bear,aww,t3_aaaiax,40,False,False,aaaiax,
53,Think this post will fit in here...,aww,t3_aaem00,12,False,False,aaem00,
54,My daughter‚Äôs hamster fell asleep in her doll‚Äôs cat bed.,aww,t3_aaak1p,29,False,False,aaak1p,
55,Another picture of my doggo.,aww,t3_aaf4vo,14,False,False,aaf4vo,
56,Parakeet and chihuahua,aww,t3_aagamy,11,True,False,aagamy,
57,Its a big cat cuddle puddle.,aww,t3_aabjad,25,False,False,aabjad,
58,Happy 16th birthday Pebbles üíï,aww,t3_aacrr6,18,False,False,aacrr6,
59,"im not entirely sure how this‚Äôll go since this is my first time posting anything on reddit,,, but here‚Äôs my sister‚Äôs cat, Fred!",aww,t3_aah45p,13,False,False,aah45p,
60,Ignoring my friend's cat,aww,t3_aagv2i,19,True,False,aagv2i,
61,Bob Ross holding a baby raccoon,aww,t3_aafyl1,13,False,False,aafyl1,
62,My wife and I got a new house and for Christmas we got this little guy!,aww,t3_aaf6kv,8,False,False,aaf6kv,
63,The best gathering of butterflies.,aww,t3_aa9uce,85,True,False,aa9uce,
64,Have wanted a dog for ages and finally adopted one 2 weeks ago. She plops on the ground for belly rubs when she's excited. I think I'm in love.,aww,t3_aagmgx,6,True,False,aagmgx,
65,"I just got my boy from the pound, where he has spent the last two months. This was his incredibly happy reaction to feeling a bed.",aww,t3_aa7gm0,1135,True,False,aa7gm0,
66,"At 18 years old, he is not amused the vet still gave him the kiddie bandaid",aww,t3_aafz6q,4,False,False,aafz6q,
67,When you take a nap with your loved one,aww,t3_aadpfh,4,True,False,aadpfh,
68,Baby Sloth,aww,t3_aafh1v,12,False,False,aafh1v,
69,My cousin captured this shot of my parents renewing their vows. This is love.,aww,t3_aaelmo,13,False,False,aaelmo,
70,"Reddit, meet Sugar",aww,t3_aafzny,12,False,False,aafzny,
71,Visited an old high school friend today and met an exceptionally cute little girl!,aww,t3_aagmev,3,False,False,aagmev,
72,"Every night Lily meows until I throw her cap. My fetching cat, so cute. üòª",aww,t3_aaew9z,7,False,False,aaew9z,
73,We had healthy twin calves born last night!,aww,t3_aafwxs,16,False,False,aafwxs,
74,This ball of happiness,aww,t3_aagsol,3,False,False,aagsol,
75,Our sweet girl had 7 puppies on Christmas Eve- happy mama!,aww,t3_aah6kz,10,False,False,aah6kz,
76,When your 12 year old cat is 10x prettier than you and you're just proud of her.,aww,t3_aahg9a,15,False,False,aahg9a,
77,The headrest didn't come with instructions,aww,t3_aaci8c,8,False,False,aaci8c,
78,My carpet is getting cleaned today so I took this little monkey to work with me instead of putting her in my bathroom all day.,aww,t3_aaeun4,10,False,False,aaeun4,
79,Shelter worker giving scritches to puppy,aww,t3_aafbqi,2,False,False,aafbqi,
80,"Hoo, me? Oh you shouldn't have!",aww,t3_aa9gp2,9,False,False,aa9gp2,
81,Day at the park was a success i guess.,aww,t3_aaenhu,2,False,False,aaenhu,
82,This is Luna and she is the cutest patoot,aww,t3_aagnja,4,False,False,aagnja,
83,We brought Tilly home yesterday from the pound. She‚Äôs very shy but we love her already,aww,t3_aafr4k,4,False,False,aafr4k,
84,"Slipped the fence to go say ""Hayyyyy!"" to the big boys!",aww,t3_aahglo,9,True,False,aahglo,
85,A beautiful cat I met in Japan!,aww,t3_aadecd,7,False,False,aadecd,
86,She was so happy to be adopted!,aww,t3_aah1nz,4,True,False,aah1nz,
87,Silly doggo,aww,t3_aaea5e,2,False,False,aaea5e,
88,"""to cuddle or not to cuddle?"" - Catspeare",aww,t3_aah8lm,5,False,False,aah8lm,
89,Gave my girlfriend a used gift for Christmas.,aww,t3_aagesh,5,False,False,aagesh,
90,Pretty sure my cousins puppy is a stuffed animal,aww,t3_aaglq1,12,False,False,aaglq1,
91,Someone‚Äôs dog got stuck on these stairs,aww,t3_aa6v1k,161,True,False,aa6v1k,
92,Washington‚Äôs live mascot Dubs the Husky passed his TSA check on the way to the Rose Bowl,aww,t3_aafqgk,5,False,False,aafqgk,
93,Fancy Corgi,aww,t3_aaempb,17,False,False,aaempb,
94,her messed up hair after the show,aww,t3_aacbb2,15,False,False,aacbb2,
95,Two baby donkeys to warm your heart.,aww,t3_aa75q4,54,False,False,aa75q4,
96,Warning: Yawning is contagious,aww,t3_aaftr7,3,True,False,aaftr7,
97,She's all dressed up,aww,t3_aahjc6,2,False,False,aahjc6,
98,purrfect family!,aww,t3_aah5vb,1,False,False,aah5vb,
99,Me after studying for 7 minutes straight..,aww,t3_aa9mzk,11,True,False,aa9mzk,
100,Woke up next to a vicious beast after my nap,aww,t3_aag9zg,3,False,False,aag9zg,
101,Disney is too good at making cute things,aww,t3_aaab2n,15,False,False,aaab2n,
102,I'm 45 and I've never had a kitten before-- so I'm raising her like a dog.,aww,t3_aa5q3b,387,True,False,aa5q3b,
103,Scooptdy Woop,aww,t3_aah49g,10,False,False,aah49g,
104,This little girl my dad found at work,aww,t3_aadpsm,5,False,False,aadpsm,
105,Good boy pets bunny friend,aww,t3_aa6myr,80,True,False,aa6myr,
106,Mildred being a good doggo. Photo credit: My Wife.,aww,t3_aahgon,1,False,False,aahgon,
107,Figured this sub might appreciate my little clover butt-ed girl,aww,t3_aag6hj,3,False,False,aag6hj,
108,When I needed a hand I found your paw. 2 years later still my best friend. Rescue your local senior dogs!,aww,t3_aahoo2,10,False,False,aahoo2,
109,Just something about a black cat with its tongue out. This is Poe. My best friend and constant shadow. He derps sometimes,aww,t3_aagdk7,7,False,False,aagdk7,
110,1994 - Grandma has tea with Bronx Zoo (NY) Zoologist while I play with lion cubs in the dining room. Good' ole crank cameras.,aww,t3_aagbjt,1,False,False,aagbjt,
111,So many different meows in one little kitty,aww,t3_aah4id,3,True,False,aah4id,
112,From hate to tolerance in 5 months,aww,t3_aagtp9,3,False,False,aagtp9,
113,Say hello to this cat at the spa I‚Äôm going to. Too friendly to be a cat.,aww,t3_aahl4m,1,False,False,aahl4m,
114,Easily the best part of visiting my parents for the holidays is being able to see this lil guy again,aww,t3_aafpv2,4,False,False,aafpv2,
115,Furry blep,aww,t3_aa9m1v,8,False,False,aa9m1v,
116,Don‚Äôt touch it!,aww,t3_aac5kt,6,True,False,aac5kt,
117,An old boy but a good boy,aww,t3_aah7sf,2,False,False,aah7sf,
118,look at his Christmas spirit!,aww,t3_aahg2e,3,False,False,aahg2e,
119,Good Girl approves of her new tiny brother,aww,t3_aaafzx,3,False,False,aaafzx,
120,Hello...please boop üíú,aww,t3_aagvdn,5,False,False,aagvdn,
121,Door cat and always surprised cat,aww,t3_aaas8z,8,False,False,aaas8z,
122,20 years old and still gorgeous.,aww,t3_aaczky,7,False,False,aaczky,
123,"Made two loaves, may have burnt one",aww,t3_aacwx2,3,False,False,aacwx2,
124,Loki's 1st birthday is today. He's still carrying around his favorite toy!,aww,t3_aa4t9j,473,True,False,aa4t9j,
125,This is Ms.Beefy say hello,aww,t3_aagw68,2,False,False,aagw68,
126,This is old Toby‚Äôs 16th Christmas. While it may be one of his last I‚Äôll always love the big guy. (iPhone Quality),aww,t3_aafhyq,4,False,False,aafhyq,
127,Took a toy behind the camera to get her to sit still long enough to get a pic,aww,t3_aahjqx,4,False,False,aahjqx,
128,Dakota is 6 months old and loves to wear her toddler shirts (size 2T). She has PTSD and is much more comfortable when she can feel secure in a fitted shirt.,aww,t3_aaht36,17,False,False,aaht36,
129,Boy with a troublesome home life gets the ultimate Christmas present,aww,t3_aahexh,7,False,False,aahexh,
130,Glamorous peacock,aww,t3_aahtor,3,False,False,aahtor,
131,A gentle giant meeting his new best friend,aww,t3_aabcut,2,True,False,aabcut,
132,Hi my name is Maisy and I will stare into your soul forever,aww,t3_aahbko,4,False,False,aahbko,
133,Perfect timing animals,aww,t3_aah9md,2,False,False,aah9md,
134,Our kitty got a puppy for Christmas!,aww,t3_aafhaj,1,False,False,aafhaj,
135,This kit is lit! Merry Christmas everyone.,aww,t3_aag12f,3,False,False,aag12f,
136,Reddit meet Takota!,aww,t3_aah6y0,3,False,False,aah6y0,
137,When good girls become tired,aww,t3_aaaa9r,8,False,False,aaaa9r,
138,Charging the wireless doorbells,aww,t3_aacqaa,8,False,False,aacqaa,
139,Our baby isn‚Äôt so small anymore.,aww,t3_aafl35,1,False,False,aafl35,
140,My best friend everyone.,aww,t3_aagre7,3,False,False,aagre7,
141,About 3 months ago I posted a picture of my dog in my bed after I left for the military. We reunited for Christmas,aww,t3_aadhtz,5,False,False,aadhtz,
142,"Her fort, no hoomans allowed",aww,t3_aag9nb,7,False,False,aag9nb,
143,This elephant draws better than me,aww,t3_aahe3y,7,False,False,aahe3y,
144,"heres a picture of my kitten, Jynx!! she likes to knock my xbox down but i still love her.",aww,t3_aah5pv,3,False,False,aah5pv,
145,Butters. Butt butt for short,aww,t3_aa5aef,105,False,False,aa5aef,
146,Tired turtle,aww,t3_aahdd0,9,False,False,aahdd0,
147,Little wiggles,aww,t3_aadwyg,2,True,False,aadwyg,
148,Something seems to be on my nose.,aww,t3_aahg2s,1,False,False,aahg2s,
149,New family member,aww,t3_aagt32,3,False,False,aagt32,
150,Meet Remi-doo :),aww,t3_aahij4,1,False,False,aahij4,
151,Letting me know she's ready for bed. She'll stare and inch closer until I get up.,aww,t3_aah78r,0,False,False,aah78r,
152,"This is Squash, a VERY hyper cat born with a working thumb on each hand.",aww,t3_aah15w,4,False,False,aah15w,
153,record scratch* *freeze frame* yup. that's me. so you're probably wondering how I got myself into this situation,aww,t3_aaebfx,5,False,False,aaebfx,
154,Cats little friend,aww,t3_aafj2l,2,False,False,aafj2l,
155,Churro and Eclair snuggles,aww,t3_aaftli,1,False,False,aaftli,
156,Resting Grinch Face,aww,t3_aafl5d,3,False,False,aafl5d,
157,Everyone meet the new addition to my family... Dobby!,aww,t3_aagzyf,2,False,False,aagzyf,
158,Real or Fake?,aww,t3_aabyzs,1,False,False,aabyzs,
159,Caught half way up Tree,aww,t3_aah95m,2,False,False,aah95m,
160,My kitten is bummed Christmas is over üéÑ,aww,t3_aah8fi,1,False,False,aah8fi,
161,Good girl celebrating Christmas,aww,t3_aagrvk,1,False,False,aagrvk,
162,"Reddit, meet my adorable kitty Milo!",aww,t3_aahnn9,2,False,False,aahnn9,
163,My beautiful doggo. 13 years and still going strong,aww,t3_aahd4h,0,False,False,aahd4h,
164,I love this cuddle bug so much. She will never understand how much she means to me.,aww,t3_aah0zk,3,False,False,aah0zk,
165,Day 3: they still think I'm one of them,aww,t3_aabx1o,9,True,False,aabx1o,
166,My lazy rescue pup already 30lbs,aww,t3_aaha16,1,False,False,aaha16,
167,"If it fits, it ships.",aww,t3_aagjiw,3,False,False,aagjiw,
168,"""Please don't hit me""",aww,t3_aagf98,4,False,False,aagf98,
169,"I find lethal animals sitting close to humans cute, ok?",aww,t3_aagmk2,3,False,False,aagmk2,
170,Old girl meeting the new pup üòç,aww,t3_aa6s5a,71,True,False,aa6s5a,
171,Unlikely Friends,aww,t3_aahpz4,3,False,False,aahpz4,
172,Been over a year since adopting this derp! Have to brag at least once.,aww,t3_aahpih,3,False,False,aahpih,
173,Puppy snuggin with her big brother,aww,t3_aael7q,3,False,False,aael7q,
174,...she‚Äôs smarter than she looks,aww,t3_aaehjz,1,False,False,aaehjz,
175,Charlie refuses to let me stop the rubs:,aww,t3_aag3io,0,False,False,aag3io,
176,Try Not To Look Into His Eyes - He Will Suck Out Your Soul,aww,t3_aadfj8,15,False,False,aadfj8,
177,Annie the smiling samoyed,aww,t3_aafsaf,2,False,False,aafsaf,
178,I love cuddlying with my soon to be little sister üêà,aww,t3_aaez9g,1,False,False,aaez9g,
179,"Chubby little black squirrel, got the winter fat on!",aww,t3_aahqaz,6,False,False,aahqaz,
180,Fluffy üòç,aww,t3_aag6z5,0,False,False,aag6z5,
181,This cutie let me give head pats. 10/10 would pet again.,aww,t3_aahvy8,4,False,False,aahvy8,
182,Meet Honey!,aww,t3_aafpjm,3,True,False,aafpjm,
183,Trip to the vet. She thinks we can‚Äôt see her.,aww,t3_aa3stm,99,False,False,aa3stm,
184,"After a lot of hard work, dedication, and getting socialized every single day, Dakota now walks through automatic doors by herself and is confident in new surroundings.",aww,t3_aaebhm,2,False,False,aaebhm,
185,Possum I fostered until it was old enough to be released.,aww,t3_aagybp,5,False,False,aagybp,
186,"Reddit, meet the newest edition to our family, Xena!",aww,t3_aag0p4,5,False,False,aag0p4,
187,a friend if mine just got two new puppies! ü§ó,aww,t3_aaarso,6,False,False,aaarso,
188,My cat apollo sleeping,aww,t3_aagmy5,1,False,False,aagmy5,
189,A new challenger approaches,aww,t3_aafuho,1,False,False,aafuho,
190,Heath decided to take a break for a photo shoot on our walk.,aww,t3_aagm9a,1,False,False,aagm9a,
191,"people of Reddit, please welcome Leon Catsky. he came home on Christmas Eve from our local shelter. today is is his first exploration of the whole house.",aww,t3_aaf72a,4,False,False,aaf72a,
192,"My 7 month old mastiff, pooped after a long day of playing. He‚Äôs fine with all his stuffs..",aww,t3_aafuo0,0,False,False,aafuo0,
193,Dad cat brings baby separated from mom back to her...,aww,t3_aa8iwp,25,False,False,aa8iwp,
194,"Meet Bella, shes a good Girl!!!",aww,t3_aag351,5,False,False,aag351,
195,My Brown-eyed girl. ‚ò∫Ô∏è‚ô•Ô∏è,aww,t3_aagvo0,3,False,False,aagvo0,
196,My little unicorn goat and his girlfriend Lil Totes,aww,t3_aagv5w,4,False,False,aagv5w,
197,charging your catto,aww,t3_aa9rs5,9,True,False,aa9rs5,
198,Fruit ninja cat they love games too,aww,t3_aah43p,2,False,False,aah43p,
199,someone's jelly... but I feel so bad!!!,aww,t3_aah3pb,0,False,False,aah3pb,
200,My sweet boys,aww,t3_aahqrt,1,False,False,aahqrt,
201,A bunny enjoying cuddles,aww,t3_aah37s,5,False,False,aah37s,
202,Puppy blep,aww,t3_aaerqg,5,False,False,aaerqg,
203,I think Ophelia might be appreciated in r/aww.,aww,t3_aa9qjj,4,False,False,aa9qjj,
204,Snuggled up for a nap in the warm towel basket. Proof they like each other.,aww,t3_aahpus,3,False,False,aahpus,
205,"This is my friends dog, her name is Captain and she has anxiety. She doesn't know anyone here so she just clings to my friend but shes still happy to be here.",aww,t3_aahcuz,2,False,False,aahcuz,
206,"This very very super very good boi stayed by my Mom‚Äôs side yesterday when fell while walking him. He barked his mightiest barks trying to get a hewmans attention. She used her LifeAlert button, so she was quickly found. He probably thinks his barks worked and I‚Äôm not about to tell him the truth.",aww,t3_aa77cc,36,False,False,aa77cc,
207,She doesn‚Äôt quite realising she‚Äôs not cleaning anything.,aww,t3_aagq2r,2,True,False,aagq2r,
208,Stop cutting onions invisible ninjas,aww,t3_aafb1h,3,False,False,aafb1h,
209,Receiving an N64 for your 32nd birthday!,aww,t3_aahxtn,1,False,False,aahxtn,
210,This majestic cat is the sweetest and cudliest one I've ever met,aww,t3_aafwyt,1,False,False,aafwyt,
211,I think she's sending me a message to use rush delivery on her food order...,aww,t3_aahmyh,0,False,False,aahmyh,
212,Puphad her first bath,aww,t3_aah7n2,0,False,False,aah7n2,
213,Half cat/half rabbit hybrid,aww,t3_aafupn,3,False,False,aafupn,
214,70 lbs of dog turns into a smol donut,aww,t3_aahce9,0,False,False,aahce9,
215,"She hates pictures, but I got a good one! This is Rocki Road Ice Cream.",aww,t3_aafrqf,0,False,False,aafrqf,
216,Little late but this pic is too cute not to share,aww,t3_aahskf,3,False,False,aahskf,
217,Cat Hat,aww,t3_aaege5,1,False,False,aaege5,
218,Meet Buckbeak,aww,t3_aah8jm,1,False,False,aah8jm,
219,All aboard the fluff train!,aww,t3_aacd61,2,False,False,aacd61,
220,A rare moment of Nala posing,aww,t3_aaf5u3,8,False,False,aaf5u3,
221,Wanna know what I got for the holidays? Neck rolls. I got neck rolls.,aww,t3_aabh5h,7,False,False,aabh5h,
222,Meet my new pomsky Bleu!,aww,t3_aahdkv,1,False,False,aahdkv,
223,"Paul McCartney and his daughter Mary, 1970.",aww,t3_aahgks,0,False,False,aahgks,
224,Handsome blep,aww,t3_aa57nv,34,False,False,aa57nv,
225,"My 8 Month Old GSD, Lara",aww,t3_aahmfc,5,False,False,aahmfc,
226,Is it too late to post old kitties. Sophie here just turned 16.,aww,t3_aabu3z,5,False,False,aabu3z,
227,Awwww .. so sweet. Kitty hugging Piglet ‚ù§Ô∏è,aww,t3_aa9kka,1,False,False,aa9kka,
228,hahaha,aww,t3_aadfpn,3,False,False,aadfpn,
229,My kitty was sunbathing and I thought she looked pretty cute,aww,t3_aaefil,1,False,False,aaefil,
230,My sulcata taking a BBIIIGGG bite,aww,t3_aag94u,8,False,False,aag94u,
231,When the cat exerts dominance over the dog food.,aww,t3_aah8mw,1,False,False,aah8mw,
232,Wee little Echidna!,aww,t3_aahpds,3,True,False,aahpds,
233,Today is my girl's 10th birthday. She doesn't look a day over a puppy ‚ù§Ô∏è,aww,t3_aacbjl,2,False,False,aacbjl,
234,Got my new food saftey tester 13/10 good boy,aww,t3_aahlbg,7,False,False,aahlbg,
235,True to form,aww,t3_aahail,0,False,False,aahail,
236,The left is Smokey and the right is Craig,aww,t3_aagur9,3,False,False,aagur9,
237,"Hey Reddit, meet Yoshi &amp; Zak. Strays we rescued when they were 5 months old.",aww,t3_aafv6d,8,False,False,aafv6d,
238,"It‚Äôs been one month since I rescued my new best friend. Y‚Äôall, I love him so much already.",aww,t3_aahuvz,0,False,False,aahuvz,
239,When I told her she wasn‚Äôt going on vacation with us,aww,t3_aafr0r,5,False,False,aafr0r,
240,Came home to this..,aww,t3_aagm8f,6,False,False,aagm8f,
241,2 Girls 1 Pup,aww,t3_aagqxq,3,False,False,aagqxq,
242,Napping with his horsie ‚ù§,aww,t3_aage7t,2,False,False,aage7t,
243,Oliver - the absolute sweetest and friendliest cat I‚Äôve ever known.,aww,t3_aag6pb,5,False,False,aag6pb,
244,Fireball says hello!!! Hope everyone enjoys and has a lovely day. üíù,aww,t3_aaeynp,0,False,False,aaeynp,
245,Stop takin pichers and git dis box off meh.,aww,t3_aah4lq,0,False,False,aah4lq,
246,some people don't realize cats chew things too.,aww,t3_aa9k3y,24,False,False,aa9k3y,
247,Snooze,aww,t3_aabsqe,1,False,False,aabsqe,
248,George loves his present from Santa so much he sleeps with it.,aww,t3_aagxg4,0,False,False,aagxg4,
249,This is the only photo I have of my dog when she was a puppy,aww,t3_aagr7a,3,False,False,aagr7a,
250,Grr,aww,t3_aagwpr,10,False,False,aagwpr,
251,Murrays happy place is in his dad's arms,aww,t3_aa40vg,58,True,False,aa40vg,
252,I wantz nachos,aww,t3_aag6gn,1,False,False,aag6gn,
253,"My favorite memory of 2018 was the day we brought home our baby girl. After a horrible pregnancy and traumatic birth this moment right here was the moment I knew it would all be worth it. Every hardship past, present and future would be worth it. Now I‚Äôm excited for all the new adventures in 2019!",aww,t3_aah22w,6,False,False,aah22w,
254,Found an old video of a now giant,aww,t3_aahiu4,3,True,False,aahiu4,
255,"I was in Vietnam photographing wildlife and found an eagle pursuing a crow for a good while. After watching them for a bit, they landed and it turned out they were friends.",aww,t3_aagnbu,1,False,False,aagnbu,
256,Will you welcome my little Gremlin?,aww,t3_aahf35,0,False,False,aahf35,
257,We had a sneaky little visitor at the dinner table tonight.,aww,t3_aafrzt,1,False,False,aafrzt,
258,Parents just unexpectedly brought home this good boy,aww,t3_aacd11,6,False,False,aacd11,
259,my kat and her heating pad &lt;3,aww,t3_aaequf,3,False,False,aaequf,
260,When you miss a lecture on how to turn into liquid,aww,t3_aaeozg,1,False,False,aaeozg,
261,Hi there.,aww,t3_aae2gs,3,False,False,aae2gs,
262,This is Scrumpy. She‚Äôs 20 years old today. Happy Birthday.,aww,t3_aa2n5s,266,False,False,aa2n5s,
263,Did I mention that you need to get me a bigger couch...,aww,t3_aahfz8,2,False,False,aahfz8,
264,Sleepy birdy,aww,t3_aa3cwj,84,True,False,aa3cwj,
265,My girlfriend's dog is the cutest. Caesar ‚ù§.,aww,t3_aagep4,0,False,False,aagep4,
266,True gentlemen,aww,t3_aa2qf0,219,True,False,aa2qf0,
267,Shledon likes to be close to his big brother Leo,aww,t3_aaabik,0,False,False,aaabik,
268,Baby Platypus,aww,t3_aafs8k,12,False,False,aafs8k,
269,I thought you left me foreverz,aww,t3_aahep4,5,False,False,aahep4,
270,Gandalf is a 3 year old foster who has been peeing all over the house. He‚Äôs getting fixed tomorrow. He‚Äôs blissfully unaware.,aww,t3_aahdxq,8,False,False,aahdxq,
271,Happy 7th birthday to these two knuckleheads,aww,t3_aaeqsn,2,False,False,aaeqsn,
272,"Just got him a new bed, at least he's using it.",aww,t3_aa2slz,241,False,False,aa2slz,
273,Teeny pup making his way into your heart,aww,t3_aa5iai,19,True,False,aa5iai,
274,I am officially the third wheel.,aww,t3_aagxoe,1,False,False,aagxoe,
275,Say hello to this cute fluff,aww,t3_aahrfp,2,False,False,aahrfp,
276,Learning to be a professional hockey player,aww,t3_aah7g0,0,False,False,aah7g0,
277,"Damn, this woman owns a mountain lion! hella big cat!!",aww,t3_aa9ob8,21,False,False,aa9ob8,
278,You‚Äôre just going to scroll past without saying howdy?,aww,t3_aahqz5,5,False,False,aahqz5,
279,the last photo i took of my kittens before they went to the adoption center,aww,t3_aafub6,4,False,False,aafub6,
280,Chain Chomp Bed,aww,t3_aabjwr,1,False,False,aabjwr,
281,Cats are weird,aww,t3_aahqc9,1,True,False,aahqc9,
282,C H O N K¬≤,aww,t3_aahly6,0,True,False,aahly6,
283,My beautiful adopted son turned 5 today ‚ô•Ô∏è,aww,t3_aah9p8,3,False,False,aah9p8,
284,Nouri when he was still a kitten!,aww,t3_aabfxn,3,False,False,aabfxn,
285,Content cat purring loudly,aww,t3_aagm5m,2,True,False,aagm5m,
286,He‚Äôs just a lil guy,aww,t3_aaf6l8,5,False,False,aaf6l8,
287,My lill fella one year ago. The day we brought him home.,aww,t3_aac336,4,False,False,aac336,
288,Sleepy doggo,aww,t3_aah0ic,6,True,False,aah0ic,
289,Krampus the cat. Destroyer of trains!,aww,t3_aahrm2,2,False,False,aahrm2,
290,Just a couple of chums having a pint,aww,t3_aagpep,2,False,False,aagpep,
291,Personal space is not a thing when your best friend is a lab,aww,t3_aag50s,4,False,False,aag50s,
292,Another pupper stretching,aww,t3_aahi1y,3,True,False,aahi1y,
293,Meet Frank,aww,t3_aahvvm,1,False,False,aahvvm,
294,One happy pupper!,aww,t3_aahhwo,1,False,False,aahhwo,
295,He stole mom's spot as soon as she got up to get water,aww,t3_aahvlj,5,False,False,aahvlj,
296,1 day old goat sneezes,aww,t3_aahlir,4,True,False,aahlir,
297,She's so majestic,aww,t3_aaf4ib,1,False,False,aaf4ib,
298,My babies üê±,aww,t3_aah3xo,4,False,False,aah3xo,
299,My little rescue potato is vicious,aww,t3_aagsvo,4,False,False,aagsvo,
300,This fluffy one follows me around wherever I go since we got them from a shelter two weeks ago. We love you Tora!,aww,t3_aaelfo,2,False,False,aaelfo,
301,Our pile of furballs,aww,t3_aahnzo,2,True,False,aahnzo,
302,This is Zooey‚Äôs face when my husband rubs her head,aww,t3_aahx7p,2,False,False,aahx7p,
303,"Thank you for everyone who supported me and my family throughout this winter holiday, we are warm, comfy, and very truly happy! We love you! üòΩüî•üò∫‚ô•Ô∏è‚ô•Ô∏è‚ô•Ô∏è",aww,t3_aa9tmh,8,False,False,aa9tmh,
304,My leopard gecko is staring at your soul and judging...,aww,t3_aahrys,0,False,False,aahrys,
305,My cat... strange looking but still adorable.,aww,t3_aag8bn,2,False,False,aag8bn,
306,Oh bother...,aww,t3_aah1mv,1,False,False,aah1mv,
307,Love to interesting places begins in childhood ...,aww,t3_aahr7t,0,False,False,aahr7t,
308,An adorable Fox Kit peering through the underbrush [OC],aww,t3_aahdil,0,False,False,aahdil,
309,My pretty kitty napping.,aww,t3_aahw5n,0,False,False,aahw5n,
310,I'm gunna sit here,aww,t3_aahdc0,4,False,False,aahdc0,
311,He is my world,aww,t3_aah8q6,2,False,False,aah8q6,
312,May I boop?,aww,t3_aahvew,0,False,False,aahvew,
313,Sleepy,aww,t3_aagmh6,0,False,False,aagmh6,
314,"Christmas night in Canazei, Italy",aww,t3_aaefli,2,True,False,aaefli,
315,Somebody needs a smooch,aww,t3_aabs9c,3,True,False,aabs9c,
316,"Got asked today if we felt like we ‚Äúwasted money‚Äù on this sweet boy since we bought him before realizing he was deaf. I think he was worth every penny, happy 5th birthday you big goof.",aww,t3_aacg7q,7,False,False,aacg7q,
317,Sleepy floats,aww,t3_aahpuw,2,False,False,aahpuw,
318,Meet Charlie,aww,t3_aah7l1,2,False,False,aah7l1,
319,You truly make me smile,aww,t3_aahuex,1,False,False,aahuex,
320,Two doggos arguing !,aww,t3_aahor9,1,False,False,aahor9,
321,Guppy baby,aww,t3_aahaqb,3,True,False,aahaqb,
322,Saw this little guy on my shed today,aww,t3_aagrh5,4,False,False,aagrh5,
323,Dog‚Äôs best friend,aww,t3_aah6iv,2,False,False,aah6iv,
324,Stepdad raised him since he was 3. He got him adoption papers as a Christmas gift.,aww,t3_aa2ybq,215,True,False,aa2ybq,
325,He doesn‚Äôt want to leave because he wants to sleep,aww,t3_aah5n0,5,True,False,aah5n0,
326,My in-laws got a new puppy. My dog is concerned.,aww,t3_aagu1b,0,False,False,aagu1b,
327,Meet Thanos- After being cooped up for two weeks after stomach surgery he was so excited to play again!,aww,t3_aaabs3,10,False,False,aaabs3,
328,Stubborn husky won't get out of bed.,aww,t3_aaerul,2,False,False,aaerul,
329,Christmas Cat,aww,t3_aaexsb,1,False,False,aaexsb,
330,Eating fruits like,aww,t3_aah18g,0,False,False,aah18g,
331,Scratches mean licks.,aww,t3_aagpp5,8,True,False,aagpp5,
332,"My two puppies, BFF's forever",aww,t3_aagtdc,1,False,False,aagtdc,
333,She loves to make new friends,aww,t3_aafs8z,1,False,False,aafs8z,
334,Cuddling in the car,aww,t3_aafan7,0,False,False,aafan7,
335,"I was terrified about getting a cat because I thought my Lily would eat her, turns out I'm a bad judge of character.",aww,t3_aaebr6,0,False,False,aaebr6,
336,Went to a Cat Cafe in Japan for the first time in my life. This little guy stole my heart.,aww,t3_aa9l7y,9,False,False,aa9l7y,
337,My cats‚Äô first official cuddle session üò≠,aww,t3_aahwzk,1,False,False,aahwzk,
338,Running in Circles,aww,t3_aaac36,6,False,False,aaac36,
339,Sofi at 10 weeks old,aww,t3_aahr7m,0,False,False,aahr7m,
340,They‚Äôre all so big now.,aww,t3_aag6zh,1,False,False,aag6zh,
341,Look at the nachos on my pup üòç she‚Äôs deaf and has the biggest ears (and the biggest heart),aww,t3_aah6t8,0,False,False,aah6t8,
342,My 19 year old kitty curled up in the baby doll's bassinet,aww,t3_aahuc8,2,False,False,aahuc8,
343,Merry Christmas Gato | Cat,aww,t3_aa9m6i,5,False,False,aa9m6i,
344,Clyde,aww,t3_aagfca,0,False,False,aagfca,
345,My baby Zelda shooting me a pose when she was pregnant,aww,t3_aah5ko,3,False,False,aah5ko,
346,"My old (but still young at heart) doggo, Toffee!",aww,t3_aah9pa,0,False,False,aah9pa,
347,This Snake can play dead,aww,t3_aahz1e,3,True,False,aahz1e,
348,Since you all like Huskeys I made you a collage of all the cuties I walk!,aww,t3_aafcra,3,False,False,aafcra,
349,Best friends üò∫üòª,aww,t3_aahsmg,2,False,False,aahsmg,
350,My handsome boy,aww,t3_aaexyj,1,False,False,aaexyj,
351,My first experience with snow.,aww,t3_aafbf0,1,False,False,aafbf0,
352,"Small, medium or super sized",aww,t3_aah7d1,6,False,False,aah7d1,
353,My weird cat Achilleus and his cute meow,aww,t3_aah2ri,2,True,False,aah2ri,
354,Cute kitten kneading on a blanket,aww,t3_aagjci,1,True,False,aagjci,
355,Pic of my Cat I took :),aww,t3_aafzgm,0,False,False,aafzgm,
356,Mine.,aww,t3_aahqmb,0,True,False,aahqmb,
357,"My childhood cat turned 18 this year! He always hated sitting on laps, but now he's too old and fragile to run away. He purred instead.",aww,t3_aacwc1,5,False,False,aacwc1,
358,‚ÄúMy hoomam.‚Äù,aww,t3_aafycz,0,False,False,aafycz,
359,My dog can have a goofy look sometimes,aww,t3_aafgf8,2,False,False,aafgf8,
360,This good boye with wiggly ears looks good in every hat,aww,t3_aa6suw,15,True,False,aa6suw,
361,Doggo has had enough of the museum,aww,t3_aah5b8,2,False,False,aah5b8,
362,Heard you guys like cats here,aww,t3_aahuoi,1,False,False,aahuoi,
363,Posing for their dogue cover,aww,t3_aahum7,5,False,False,aahum7,
364,"Our new pup, Indy, after enjoying the sprinkler on a hot day.",aww,t3_aahede,2,False,False,aahede,
365,This little pupper is 14! Still looking like a handsome fox,aww,t3_aah0b3,3,False,False,aah0b3,
366,This is my life now.,aww,t3_aago3x,1,True,False,aago3x,
367,What have I done?,aww,t3_aahe6t,1,False,False,aahe6t,
368,"Pupper Gypsy, ready to go!",aww,t3_aag2r7,1,True,False,aag2r7,
369,This is Meatball. Meatball loves peanut butter and stomping on plastic and paper bags.,aww,t3_aac1p1,4,False,False,aac1p1,
370,Our 'good boy' wall at work.,aww,t3_aag2fe,0,False,False,aag2fe,
371,Tucked in for the night,aww,t3_aahdgq,2,False,False,aahdgq,
372,Enjoying a cold fridge on a hot day,aww,t3_aaf8ei,1,False,False,aaf8ei,
373,"Luna!! shes seven years old and she still looks like a kitten. shes the sweetest thing in the world but she cant be trusted. (ps, i know my room‚Äôs an absolute mess)",aww,t3_aah7ev,0,False,False,aah7ev,
374,A sleepy bean.,aww,t3_aag466,0,False,False,aag466,
375,The way my hamster ate this green bean is so cute! Sorry for shit video quality,aww,t3_aag0ix,3,True,False,aag0ix,
376,Please enjoy Chewey and her very sleepy brother. Ignore the creepy mannequin head.,aww,t3_aaghtl,4,False,False,aaghtl,
377,Pippin havin a snooze,aww,t3_aagt7x,3,False,False,aagt7x,
378,She needs attention 24/7!,aww,t3_aahrdf,1,False,False,aahrdf,
379,"Cya, fren",aww,t3_aae0yc,2,False,False,aae0yc,
380,Shibcorgnito,aww,t3_aaert1,3,False,False,aaert1,
381,Doge,aww,t3_aagwjk,0,False,False,aagwjk,
382,Good luck to anyone who wants to hurt this baby,aww,t3_aahqe9,1,False,False,aahqe9,
383,My 16 lb boy Henry!,aww,t3_aahf3z,4,False,False,aahf3z,
384,Friend‚Äôs feisty kitten doesn‚Äôt like to be filmed.,aww,t3_aagr28,0,True,False,aagr28,
385,This cutie let me give head rubs 10/10 would do again,aww,t3_aahvie,0,False,False,aahvie,
386,Is this a aww or a üò≠,aww,t3_aaguo4,10,False,False,aaguo4,
387,"My cat, Rory in his new coat!",aww,t3_aaek5n,4,False,False,aaek5n,
388,This look of disapproval though...,aww,t3_aaglsl,0,False,False,aaglsl,
389,The day I brought home my new sidekick,aww,t3_aa2l07,72,True,False,aa2l07,
390,Meet Bella the Christmas kitten,aww,t3_aagxu5,2,False,False,aagxu5,
391,Just a couple of pals,aww,t3_aagt6l,0,False,False,aagt6l,
392,"A Nest of Pikachu! (Amazing art by French-Canadian artist, Diane √ñzdamar) (not traditional aww, but pretty cute!)",aww,t3_aaf1us,0,False,False,aaf1us,
393,Caught myself saying aww,aww,t3_aag5d1,0,False,False,aag5d1,
394,"This is thumper, my girlfriend's cat. She knows just how to pose to be as cute as possible.",aww,t3_aahhd4,0,False,False,aahhd4,
395,This is our tripawed Egyptian Baladi celebrating her first Christmas in the states. A picture of her under Christmas tree is all her rescuer from Cairo wanted and we delivered.,aww,t3_aahmwo,2,False,False,aahmwo,
396,Three days and they‚Äôre already sleeping near each other.,aww,t3_aag8ki,1,False,False,aag8ki,
397,Polar's life - meet his BFF,aww,t3_aagg78,4,False,False,aagg78,
398,When you don‚Äôt pay rent but sneak back in üòÇ,aww,t3_aahsh7,2,True,False,aahsh7,
399,She‚Äôs growing too fast üò´,aww,t3_aabyua,1,False,False,aabyua,
400,No human,aww,t3_aa203y,135,True,False,aa203y,
401,The best of friends,aww,t3_aag7aq,1,False,False,aag7aq,
402,My dog raised my cat since he was a little kitty.,aww,t3_aa9gdj,2,False,False,aa9gdj,
403,Just woke up from her nap.,aww,t3_aagqw5,3,True,False,aagqw5,
404,Cat soup,aww,t3_aafsm5,1,False,False,aafsm5,
405,"Please sir, I want some more.",aww,t3_aafcsz,1,False,False,aafcsz,
406,My first ever post! His name is Mack (:,aww,t3_aabqet,3,False,False,aabqet,
407,A baby koala,aww,t3_aag5z9,2,False,False,aag5z9,
408,With my bestie,aww,t3_aaf98z,1,False,False,aaf98z,
409,What a difference a year makes,aww,t3_aafbwy,5,False,False,aafbwy,
410,Tarantino,aww,t3_aah8ht,0,False,False,aah8ht,
411,High fashion,aww,t3_aag1ef,3,False,False,aag1ef,
412,"Internet, meet Thor the whippet! The newest addition to our family!",aww,t3_aaektp,3,False,False,aaektp,
413,When you really love your job,aww,t3_aabhno,8,True,False,aabhno,
414,Kittens are the best when asleep.,aww,t3_aah7tt,0,False,False,aah7tt,
415,When my daughter was born Sticker wanted nothing to do with her and wouldn‚Äôt look at me for months. Four years later it looks like she‚Äôs finally coming around.,aww,t3_aacgoj,0,False,False,aacgoj,
416,My wiggle butt Haddy Loo,aww,t3_aag81z,2,False,False,aag81z,
417,Jump?,aww,t3_aaegjt,1,False,False,aaegjt,
418,My babe Andy all snuggled on the couch,aww,t3_aah0za,0,False,False,aah0za,
419,"That's right, brush me you peasant.",aww,t3_aafrrk,1,False,False,aafrrk,
420,"I don‚Äôt know why, but these little jellyfish are just the cutest! (Apologies if they‚Äôre not actually jellyfish but another sea creature.)",aww,t3_aac9ob,3,False,False,aac9ob,
421,Sleepy time on a boot pillow,aww,t3_aahn31,0,False,False,aahn31,
422,Whiskey 4 months old,aww,t3_aafycw,3,False,False,aafycw,
423,1.5 month difference. I'm convinced my SO swapped our cat for another.,aww,t3_aa2iao,76,False,False,aa2iao,
424,My sis started working at a goat farm. So many GOATS!!!,aww,t3_aafdtn,6,False,False,aafdtn,
425,Fluffy baby,aww,t3_aae7kp,0,False,False,aae7kp,
426,My rabbit loves wheat thins,aww,t3_aahm7y,0,False,False,aahm7y,
427,Cat likes socks,aww,t3_aahfmw,2,True,False,aahfmw,
428,My Mom painted a watercolor of my pups for me for Christmas using a picture from their birthday party. I love it.,aww,t3_aa1q0y,73,False,False,aa1q0y,
429,anyone know how to unpause a cat?,aww,t3_aad9mi,8,True,False,aad9mi,
430,Glow-Up!!! :D,aww,t3_aa1i2t,61,False,False,aa1i2t,
431,Incredible Service Dog Takes The Best Care Of His Mom | The Dodo,aww,t3_aah3f6,2,False,False,aah3f6,
432,We got our mom a dog stroller for Christmas and our dogs absolutely love going on walks. Peep the cat watching in the background,aww,t3_aagxvw,3,False,False,aagxvw,
433,another cute doggo!,aww,t3_aafs9u,0,False,False,aafs9u,
434,Floating into the new year like.......üòé Larry the hound üêï,aww,t3_aagj8h,3,False,False,aagj8h,
435,Baby goat good looks,aww,t3_aagivn,1,False,False,aagivn,
436,"Our new rescue pup is a snuggle bug, and we‚Äôre in love.",aww,t3_aaf9yp,3,False,False,aaf9yp,
437,"Because of the pet limit, my appartment only allows my dog over once a month for a few days. I'm at work and my SO sends me this picture of Bella. It helped me get through the busy work day knowing she's happy to be home.",aww,t3_aagi7k,3,False,False,aagi7k,
438,Sleepy,aww,t3_aah6k8,0,False,False,aah6k8,
439,An endless vista full of possibilities stretches before you.,aww,t3_aagm9x,3,False,False,aagm9x,
440,I call this one ‚Äúthe rocket‚Äù,aww,t3_aahp32,2,False,False,aahp32,
441,Another photo of charlie,aww,t3_aaex8m,3,False,False,aaex8m,
442,The Christmas Kelpie said hello,aww,t3_aaaai0,2,False,False,aaaai0,
443,"Cinnamon loves squeaky toys, this makes her VERY easy to shop for &lt;3",aww,t3_aagqou,3,True,False,aagqou,
444,My Dog is a good boy and a great model!,aww,t3_aac0xu,4,False,False,aac0xu,
445,"Our dog, Bosco on Christmas Eve.",aww,t3_aagll1,0,False,False,aagll1,
446,Lil' Miss hates the flash but the camera loves her. üñ§,aww,t3_aahvia,1,False,False,aahvia,
447,Cute panda idk,aww,t3_aahaup,2,False,False,aahaup,
448,Castle cat,aww,t3_aagpbd,2,False,False,aagpbd,
449,My dog watching the jungle book lol,aww,t3_aagz43,1,False,False,aagz43,
450,"Beans, our rescue, letting his personality show ü§£",aww,t3_aadp2p,2,False,False,aadp2p,
451,4 months difference in floof,aww,t3_aag2ap,0,False,False,aag2ap,
452,I‚Äôm posing for mommas new camera -skye üòç,aww,t3_aafiq4,0,False,False,aafiq4,
453,We were both Santa this year,aww,t3_aafpqb,1,False,False,aafpqb,
454,You guys still use emojis?? Im using this pic,aww,t3_aagdyh,1,False,False,aagdyh,
455,First snow of the season. My dog who‚Äôs never seen snow before decided to introduce herself to it.,aww,t3_aahewp,0,False,False,aahewp,
456,Fluffy kitty,aww,t3_aafsh0,3,False,False,aafsh0,
457,Freya swears that there's something in this glass!,aww,t3_aahz91,2,False,False,aahz91,
458,"Here‚Äôs my pup Levi, just thought I‚Äôd share.",aww,t3_aadhmy,1,False,False,aadhmy,
459,look how cute they are under logic!,aww,t3_aafrnw,1,False,False,aafrnw,
460,I smile so pretty,aww,t3_aag3f7,1,False,False,aag3f7,
461,My sweet Junie and her sparkly eyes,aww,t3_aahct2,1,False,False,aahct2,
462,Horsing,aww,t3_aafj9j,1,False,False,aafj9j,
463,Our beautiful new addition!,aww,t3_aafukn,0,False,False,aafukn,
464,A sleeping princess in the sun,aww,t3_aahxug,1,False,False,aahxug,
465,How precious üò¢,aww,t3_aaemyt,0,False,False,aaemyt,
466,Nine weeks old. Her name is Holly.,aww,t3_aacvyk,3,False,False,aacvyk,
467,Sir Blueberry lounging.,aww,t3_aahpls,1,False,False,aahpls,
468,Little (Guy/Girl) I'm Taking Home From Work Today,aww,t3_aadhi8,15,False,False,aadhi8,
469,"Milo (1) the cowardly pup made a new friend, Bella the bulldog (5)!",aww,t3_aahi6u,3,False,False,aahi6u,
470,Look at this little fluffball,aww,t3_aaag4c,4,False,False,aaag4c,
471,Someone has a marmot as a pet,aww,t3_aagjn8,3,False,False,aagjn8,
472,awesome,aww,t3_aaexix,2,False,False,aaexix,
473,Native Texan Feste Waffles loves snow fetch while visiting family in Minnesota,aww,t3_aafe07,0,False,False,aafe07,
474,"My mom made these crochet scarves for Paty and Selma, it was her Christmas present for them",aww,t3_aah4qb,0,False,False,aah4qb,
475,Happy Happy Nummy Nummy,aww,t3_aafkwo,6,True,False,aafkwo,
476,He flips over like this every time I walk towards him,aww,t3_aahvr2,2,False,False,aahvr2,
477,Let's Take a Shower,aww,t3_aacili,5,False,False,aacili,
478,first pic we ever took of Charles,aww,t3_aag8qg,2,False,False,aag8qg,
479,Got to see my childhood cat while home for the holidays. This boy is almost old enough to get his driver‚Äôs license,aww,t3_aadfc0,0,False,False,aadfc0,
480,My goodboye Loki has cataracts but is always happy unless I give Oscar love then he gets jealous so easily (I pet him right after this picture don‚Äôt worry),aww,t3_aagi56,0,False,False,aagi56,
481,Brother Bath-time,aww,t3_aah9qw,0,True,False,aah9qw,
482,"Little guy had a ruff time finding a warm spot this winter, so now he‚Äòs our new familymember",aww,t3_aa9wmb,3,False,False,aa9wmb,
483,Tucked in like a little baby,aww,t3_aah9mn,0,False,False,aah9mn,
484,"my sister works at a pet store and sometimes brings home dogs to take care of them for a few days. our dog hates this, and will follow me ANYWHERE to seek refuge",aww,t3_aafm8g,4,False,False,aafm8g,
485,Samwise is a chunky boy,aww,t3_aafy5l,2,False,False,aafy5l,
486,Hedgehog going camping,aww,t3_aa1aww,67,False,False,aa1aww,
487,Reddit meet Astro,aww,t3_aafxly,4,False,False,aafxly,
488,Long tongue boi,aww,t3_aagq8d,4,False,False,aagq8d,
489,Whats he done?,aww,t3_aaf6py,5,False,False,aaf6py,
490,My little baby.,aww,t3_aahej0,0,False,False,aahej0,
491,"He looks worried. He is. My shelter dog Mr. Gotti (I didn't name him). He's the best friend I've ever had. For some reason, he can't bark, and sounds like he's choking when he tries. He sure can howl, though. He's fiercely protective of his people, and he pouts when I go to work.",aww,t3_aafhaw,0,False,False,aafhaw,
492,"This is my grandma's dog. She is wonderful the way she is, Reddit meet lilly",aww,t3_aaeqak,0,False,False,aaeqak,
493,Hey! ... JK,aww,t3_aahdz8,1,False,False,aahdz8,
494,My bernese mountain dog named Boris. He absolutely loves winter.,aww,t3_aaesrh,4,False,False,aaesrh,
495,Gotta keep that doggo neck warm,aww,t3_aahkqy,0,False,False,aahkqy,
496,They must be starving.,aww,t3_aa9zim,2,False,False,aa9zim,
497,I wondered why my tree was lopsided all this year... Caught in the act.,aww,t3_aagew2,0,False,False,aagew2,
498,Jack Noir,aww,t3_aahk6z,1,False,False,aahk6z,
499,"Everyday when I come home, before I can even get my shoes off, my cats decide to make me their chair",aww,t3_aagj46,0,False,False,aagj46,
500,"After nearly 3 years, and gradually increasing trust, the final barriers seem to be coming down",aww,t3_aahzxv,0,False,False,aahzxv,
501,Christmas Cat,aww,t3_aagzao,0,False,False,aagzao,
502,Sleeping weird but still adorable,aww,t3_aafv6e,0,False,False,aafv6e,
503,Was instructed to leave my derp here. This is the face he makes when he hears the word Frisbee.,aww,t3_aacj40,2,False,False,aacj40,
504,Meow!,aww,t3_aahzhq,1,False,False,aahzhq,
505,Lil G only lays with his feet tucked.,aww,t3_aagiey,2,False,False,aagiey,
506,I love my kitten,aww,t3_aagcxn,0,False,False,aagcxn,
507,She has a star on her chest ‚≠ê,aww,t3_aacqmw,10,False,False,aacqmw,
508,Our nightly cuddle routine ‚ù§Ô∏è,aww,t3_aag7nh,1,False,False,aag7nh,
509,Trying to hide from my uncle,aww,t3_aahicz,1,False,False,aahicz,
510,Paint me like one of your French girls,aww,t3_aahyil,2,False,False,aahyil,
511,My gf got these lil' bananaboies for Xmas.,aww,t3_aagrki,1,False,False,aagrki,
512,Kitty taking a nap,aww,t3_aafouz,2,False,False,aafouz,
513,King Walter,aww,t3_aah3nj,3,False,False,aah3nj,
514,Gizmo pretending he didn't do anything wrong,aww,t3_aagxc5,1,False,False,aagxc5,
515,"Meet Butters, he‚Äôs a dog/Ewok hybrid",aww,t3_aahxri,1,False,False,aahxri,
516,trying mango for the first time... not sure how he feels about it...,aww,t3_aag6ji,0,False,False,aag6ji,
517,Upvote if u think she fat,aww,t3_aadfqu,4,False,False,aadfqu,
518,My old man we found outside at only a few weeks old. Now 12.5yrs old and always lays on me the moment I sit down.,aww,t3_aabqac,4,False,False,aabqac,
519,16 years old and started to lose some of her fur but shes doing better now! Say hi to Petunia,aww,t3_aafjnm,1,False,False,aafjnm,
520,The rare bunny doggo,aww,t3_aa7d9s,6,True,False,aa7d9s,
521,The Sweetest Baby In The World - Shiba Inu Junna,aww,t3_aaditb,0,False,False,aaditb,
522,Just sooooo cute,aww,t3_aag50l,0,False,False,aag50l,
523,Late but still hella adorable,aww,t3_aaf763,1,False,False,aaf763,
524,All out of Christmas cheer,aww,t3_aahfrt,2,False,False,aahfrt,
525,Patient boy en route to the park,aww,t3_aafmv4,1,False,False,aafmv4,
526,My cat is equally intrigued and confused by her laser toy,aww,t3_aag459,3,True,False,aag459,
527,Cozy ‚ô•Ô∏è,aww,t3_aah151,2,False,False,aah151,
528,He's defeated all the monsters under the throw.,aww,t3_aadocs,0,False,False,aadocs,
529,This is so cute,aww,t3_aagj1r,1,True,False,aagj1r,
530,My dog‚Äôs reaction when you stop stroking her,aww,t3_aag82x,2,True,False,aag82x,
531,Molly decided to hug our socks and underwear to help sleep,aww,t3_aahumx,1,False,False,aahumx,
532,Bandit says hello!,aww,t3_aah09o,4,False,False,aah09o,
533,We call her Dog,aww,t3_aahe6l,2,False,False,aahe6l,
534,Today we adopted Pearl. Our new bundle of love ‚ô•Ô∏è,aww,t3_aagtms,3,False,False,aagtms,
535,Husband says I spoiled him growing up,aww,t3_aafoyg,1,False,False,aafoyg,
536,When you're exhausted from the holidays but must continue to protect your house from the mailman,aww,t3_aaf4km,1,False,False,aaf4km,
537,"Leaving my family's house now that Christmas is over, and I'm definitely going to miss this little face!",aww,t3_aacpeu,1,False,False,aacpeu,
538,My sisters step-dog &amp; I cheesin it up. We weren‚Äôt much of friends for a couple years until now :-),aww,t3_aahdg5,1,False,False,aahdg5,
539,BFF‚Äôs,aww,t3_aaf7un,0,False,False,aaf7un,
540,They booped noses. Best day ever,aww,t3_aadm1p,0,False,False,aadm1p,
541,Friday‚Äôs,aww,t3_aaggzy,0,False,False,aaggzy,
542,Danger loaf,aww,t3_aadler,4,False,False,aadler,
543,The best part of the family christmas party,aww,t3_aagy3s,0,False,False,aagy3s,
544,It‚Äôs called comfort. Do you even know how to chill? Lol this cat slips off the couch all the time.,aww,t3_aahiur,0,False,False,aahiur,
545,"Nephew decided to take a nap on me, Beau decided to join him.",aww,t3_aa3kmu,41,False,False,aa3kmu,
546,Chinchilla vs. Bunny... present for my 4 year old sis. Suggestions?,aww,t3_aagvyo,12,False,False,aagvyo,
547,Accidental Renaissance Blep,aww,t3_aag8hc,0,False,False,aag8hc,
548,Rainy day nap time,aww,t3_aafoqd,0,False,False,aafoqd,
549,"Every time I sit down to eat, I get the hard close shakedown.",aww,t3_aagjgz,1,False,False,aagjgz,
550,He chomp,aww,t3_aah9hi,1,False,False,aah9hi,
551,Capybaras chilling in a hot yuzu bath in winter is the most soothing scene,aww,t3_aa16ep,164,True,False,aa16ep,
552,Big chungus,aww,t3_aahp5w,2,False,False,aahp5w,
553,cmon just one more bowl,aww,t3_aahy76,2,False,False,aahy76,
554,Father and son.,aww,t3_aa0i3i,341,False,False,aa0i3i,
555,Here's my 2 y.o. boy. He's a shoulder cat.,aww,t3_aa717i,13,False,False,aa717i,
556,Selfie ; ),aww,t3_aaf5ps,0,False,False,aaf5ps,
557,Best friends. More cuddling and less fighting after two weeks üòª,aww,t3_aagtyp,0,False,False,aagtyp,
558,The lick,aww,t3_aag6h1,0,False,False,aag6h1,
559,"We trained our cat to ""roll over"" on command (started with simple ""sit"")",aww,t3_aae9gx,5,True,False,aae9gx,
560,The moment she realized I was eating,aww,t3_aaemcr,0,False,False,aaemcr,
561,It‚Äôs funny because it‚Äôs true.,aww,t3_aaetbp,0,False,False,aaetbp,
562,"Henry and Maggie snuggles, ft. Harper wanting in.",aww,t3_aahn8l,0,False,False,aahn8l,
563,My baby girl Kaylee,aww,t3_aah6c7,1,False,False,aah6c7,
564,When I brought the puppy home my older dog ignored her.. I think they are finally getting along :),aww,t3_aagg3n,7,False,False,aagg3n,
565,Came across this gem of my lil chunk when I first brought him home ‚ù§,aww,t3_aafpiu,0,False,False,aafpiu,
566,Wide-eyed spoiled sweater wearing furball,aww,t3_aaf7b5,0,False,False,aaf7b5,
567,Teaching my daughter how to snap her fingers,aww,t3_aadpee,2,False,False,aadpee,
568,Confused feelings about his first time at the beach,aww,t3_aag99c,0,False,False,aag99c,
569,The littlest yawn,aww,t3_aacipp,0,False,False,aacipp,
570,Polar's life - Can it get any cuter,aww,t3_aagewi,5,False,False,aagewi,
571,Picked up this little girl yesterday. Her name is Tinsel. An 8wk old Mini Australian Shepard.,aww,t3_aaawra,3,False,False,aaawra,
572,New beds everywhere during the holidays,aww,t3_aafaof,0,False,False,aafaof,
573,My sweet baby when she was a kitten,aww,t3_aaeybj,3,False,False,aaeybj,
574,Tubbs the ooter,aww,t3_aadu99,7,False,False,aadu99,
575,"This was my cat, Tuffy. Cross-eyed and no eye lids. He was such a handsome boy in his own special way!",aww,t3_aab47x,14,False,False,aab47x,
576,"Adults' table to the left, kids' table to the right.",aww,t3_aa4wot,6,False,False,aa4wot,
577,2 girls 1 boy,aww,t3_aabzre,7,False,False,aabzre,
578,Baby girl smiles for pictures ‚ù§Ô∏è‚ù§Ô∏è,aww,t3_aagkc5,3,False,False,aagkc5,
579,He turned 15 this year. Still turns back to make sure I'm still there.,aww,t3_aa02o5,330,False,False,aa02o5,
580,I think she knows where her food is,aww,t3_aag7qk,0,False,False,aag7qk,
581,hooman where is treat?!,aww,t3_aaepgp,2,True,False,aaepgp,
582,The snow ain‚Äôt got nothing on me üòÇ,aww,t3_aahtbv,0,False,False,aahtbv,
583,18 years old Tara still wonderfull,aww,t3_aaeagy,0,False,False,aaeagy,
584,Big Brother and Baby,aww,t3_aag6fg,0,False,False,aag6fg,
585,My grandma said she looks like a coyote and was a mistake. That just makes me love her more.,aww,t3_aa24f5,157,False,False,aa24f5,
586,Daredevil,aww,t3_aag0l8,2,True,False,aag0l8,
587,Jabba the catt,aww,t3_aahi8w,0,False,False,aahi8w,
588,Baby Cherry Shrimp Adventures,aww,t3_aah18n,0,False,False,aah18n,
589,Salmon is tasty,aww,t3_aagtc7,1,False,False,aagtc7,
590,Ryu and his pink snoot like joining mom and dad in bed while they decompress after work.,aww,t3_aafind,0,False,False,aafind,
591,Someone knows how to pose,aww,t3_aaf4pm,0,False,False,aaf4pm,
592,Christmas mlem,aww,t3_aafik7,0,False,False,aafik7,
593,"She was a very good girl, but took the odd nap while on guard duty.",aww,t3_aagscf,0,False,False,aagscf,
594,"I work as a recruiter, and I got another applicant for Office Good Boy.",aww,t3_aaf8y9,2,False,False,aaf8y9,
595,My bunny staying warm in my pocket.,aww,t3_aafdhs,0,False,False,aafdhs,
596,All tuckered out,aww,t3_aagezi,0,False,False,aagezi,
597,Adorable disappointment. Try and try again.,aww,t3_aaezqp,1,False,False,aaezqp,
598,He acts like he gets no logins,aww,t3_aah6uy,0,False,False,aah6uy,
599,How they sucker you in,aww,t3_aabeth,3,False,False,aabeth,
600,Tiny little glasses,aww,t3_aacz9w,1,False,False,aacz9w,
601,Kitten I might get to keep sleeping on a towel. She's pretty adorable unless she's attacking my hand.,aww,t3_aaeulq,0,False,False,aaeulq,
602,"Moose. My sidekick, my partner, my best friend. Thank you for being such an amazing creature.",aww,t3_aa05uq,1539,False,False,aa05uq,
603,What does a good boi do after ripping apart his unrippable Xmas present do? He begs.,aww,t3_aag72u,5,False,False,aag72u,
604,Just a Cat,aww,t3_aag71k,4,False,False,aag71k,
605,"It's raining here in Argentina,and someone is scared",aww,t3_aahy4k,0,False,False,aahy4k,
606,Caught Dex looking majestic.,aww,t3_aaaxb7,10,False,False,aaaxb7,
607,"Might be an old lady now, but still majestic as ever",aww,t3_aaelib,0,False,False,aaelib,
608,If you‚Äôre happy and you know it,aww,t3_aa0lfk,78,True,False,aa0lfk,
609,1 year on and he finally grew into his favorite chair,aww,t3_aa9p0v,7,False,False,aa9p0v,
610,Bunsen and Sparky,aww,t3_aaeszp,4,False,False,aaeszp,
611,"My sister's cat, Turkey, being the typical turkey he is",aww,t3_aaekv8,0,False,False,aaekv8,
612,"Pulled out the flea infested carpet today, came back outside to this. Didn't think Toby would miss his little friends this much",aww,t3_aahx1s,7,False,False,aahx1s,
613,"Figured id post this, her name is pucca (poo ka) shed 7 years old and enjoys walking backwards",aww,t3_aaewer,1,False,False,aaewer,
614,"""Meowdy, pardner. Hope y'allin't lookin' fur trouble.""",aww,t3_aaeo4l,2,False,False,aaeo4l,
615,My heart,aww,t3_aadjeh,0,False,False,aadjeh,
616,Anyone elses cat too lazy to hold their own head up?,aww,t3_aa9kwo,5,False,False,aa9kwo,
617,Heart Squirrel,aww,t3_aagb0i,2,False,False,aagb0i,
618,the underside of a sleeping otter,aww,t3_aaezle,2,False,False,aaezle,
619,Is it a Doggo or a Cloud?,aww,t3_aaaopz,2,False,False,aaaopz,
620,Finally snapped a photo of my dog at the right time to capture her smile,aww,t3_aadhy7,0,False,False,aadhy7,
621,Baby lion hugging in a pool,aww,t3_aacdnb,10,True,False,aacdnb,
622,Patient momma tried to teach short attention span kitty to drink water.,aww,t3_aahb00,0,False,False,aahb00,
623,U talking to me??,aww,t3_aafm5n,0,False,False,aafm5n,
624,This is Zena. She is the sweetest goofball I have ever had in my home. She's even adorable when she sleeps with her paws crossed under her head.,aww,t3_aahjkm,0,False,False,aahjkm,
625,Sleepy puppy phase is absolutely filling my heart with love ‚ù§Ô∏è,aww,t3_aahtck,9,True,False,aahtck,
626,"This is my Dad‚Äôs cat, Zap Rowsdower. He‚Äôs 20 years old and very distinguished.",aww,t3_aa4dzr,39,False,False,aa4dzr,
627,"Cat sitting for the week, say hi to Silas",aww,t3_aahsz6,1,False,False,aahsz6,
628,What is THIS one thinking?,aww,t3_aahs6s,3,False,False,aahs6s,
629,My little pupper. Was looking through my old phone and found this picture of the day we adopted this little pup.,aww,t3_aacmdy,1,False,False,aacmdy,
630,Unexpected guest,aww,t3_aadz5v,3,False,False,aadz5v,
631,It's my cute little Boston Terrier in his bed.,aww,t3_aaftwh,0,False,False,aaftwh,
632,My looong cat loves this new fluffy blanket,aww,t3_aacuqd,2,False,False,aacuqd,
633,It's so fluffy - my new puppy Polar,aww,t3_aad74b,0,False,False,aad74b,
634,When your 12 year old cat is 10x prettier than you and you're just proud of her.,aww,t3_aahg26,2,False,False,aahg26,
635,Any parrot's dream is to feel safe,aww,t3_aahq7u,2,False,False,aahq7u,
636,The seal is so precious,aww,t3_aa05wi,146,False,False,aa05wi,
637,Butters. Butt butt for short,aww,t3_aadn3q,3,False,False,aadn3q,
638,My cat is hanging out in my prosthetic.,aww,t3_aacarb,2,False,False,aacarb,
639,A box...,aww,t3_aahp40,2,False,False,aahp40,
640,Spotted this precious deer relaxing on my porch a while back. I thought I saw it again last week but the spots looked like they had faded away. Either way- Awww! ‚ù§Ô∏è,aww,t3_aa6sa5,12,False,False,aa6sa5,
641,Black and White Cat Coat,aww,t3_aa0kva,79,False,False,aa0kva,
642,ha ha ah ah ! just awesome .,aww,t3_aadiop,0,False,False,aadiop,
643,I am coming,aww,t3_aahe3l,0,False,False,aahe3l,
644,Watching Friends Blind Bengal,aww,t3_aaacdx,2,False,False,aaacdx,
645,She looks so comfy there.,aww,t3_aa02kb,50,False,False,aa02kb,
646,He has a heart on his belly :),aww,t3_aaafmz,2,False,False,aaafmz,
647,Patiently waiting...,aww,t3_aahzph,0,False,False,aahzph,
648,Pull on those rubber boots Madge cause I'm ready to go out!,aww,t3_aahn96,0,False,False,aahn96,
649,Papaya. The fluff.,aww,t3_aahz3d,0,False,False,aahz3d,
650,They are so cute if they do this. I love them so much :),aww,t3_aa9kil,0,False,False,aa9kil,
651,Dizzy kitty,aww,t3_aahmvk,0,True,False,aahmvk,
652,This camels happy face,aww,t3_aagdqv,0,False,False,aagdqv,
653,Puffin having an attack of a guilty conscience before eating sea noodles.,aww,t3_aadrze,4,False,False,aadrze,
654,This is how my cat sleeps after I tuck him in.,aww,t3_aaaqv5,3,False,False,aaaqv5,
655,Pigeon looks like a limbless cat,aww,t3_aaewlj,4,False,False,aaewlj,
656,Sleepy cat...,aww,t3_aaeacj,0,False,False,aaeacj,
657,Meet Molly‚ù§Ô∏è,aww,t3_aaeecl,1,False,False,aaeecl,
658,"i keep hearing about cats destroying christmas tress, but my good boah has never laid a paw on our tree, lol",aww,t3_aadr66,1,False,False,aadr66,
659,"Don't mind me, Dad. Just relaxing.",aww,t3_aabn5m,2,False,False,aabn5m,
660,My handsome prince üñ§ the only sanity I have lately,aww,t3_aaer8x,0,False,False,aaer8x,
661,Sleepy doggo loves his Christmas present,aww,t3_aafazv,0,False,False,aafazv,
662,Let‚Äôs go eat girl,aww,t3_aah0e5,3,False,False,aah0e5,
663,Cuddle buddies.,aww,t3_a9zm50,83,False,False,a9zm50,
664,"Everyone, meet Puma Thurman.",aww,t3_aadivl,2,False,False,aadivl,
665,Doggo on a Holiday,aww,t3_aaaov7,0,False,False,aaaov7,
666,Face she made after she suddenly woke up,aww,t3_aaf3tc,1,False,False,aaf3tc,
667,Christmas Cat,aww,t3_aagyy9,0,False,False,aagyy9,
668,This floofer enjoying a cold fridge on a hot day.,aww,t3_aaf3hf,1,False,False,aaf3hf,
669,Fun day at the park!,aww,t3_aafqfi,1,False,False,aafqfi,
670,Very attached brothers,aww,t3_aaf8q4,2,False,False,aaf8q4,
671,High kitty,aww,t3_aahu8j,0,False,False,aahu8j,
672,‚ÄúEmpty‚Äù peanut butter jars no longer go to waste thanks to this guy,aww,t3_aad6zd,1,True,False,aad6zd,
673,"As a new dad, this may be the cutest thing ever",aww,t3_aaesat,8,True,False,aaesat,
674,A little late Christmas bunny!,aww,t3_aaex4g,2,False,False,aaex4g,
675,"The ""hurry up and throw the toy"" face",aww,t3_aabcbc,2,False,False,aabcbc,
676,This tiny lizard i saw in Spain this summer.,aww,t3_aaew56,4,False,False,aaew56,
677,Wearing his lil leather jacket,aww,t3_aadphj,1,False,False,aadphj,
678,awe look what I found!,aww,t3_aae4m0,6,False,False,aae4m0,
679,Who doesn't like a cool beer?!,aww,t3_aafhiz,2,True,False,aafhiz,
680,My parent‚Äôs dog ‚Äúblinky‚Äù greets me like this every morning.,aww,t3_aacwml,2,False,False,aacwml,
681,This monkey I photographed past summer...,aww,t3_aafbdn,0,False,False,aafbdn,
682,Can I help you?,aww,t3_aaeli2,0,False,False,aaeli2,
683,Curled up in the pillows,aww,t3_aaf05m,0,False,False,aaf05m,
684,"Reddit, say hello to my new kitten Milo!",aww,t3_aaepoz,1,False,False,aaepoz,
685,The day we bought our little girl home. Rescued her from what we later found out was a backyard breeder. Worth every cent.,aww,t3_aabwic,5,False,False,aabwic,
686,"My friend just rescued this cutie, doesn‚Äôt have a name yet. Any suggestions?",aww,t3_aad3rs,22,False,False,aad3rs,
687,üòÇ when you think you are athletic and realize you‚Äôre not! Such a good boy though!,aww,t3_aabjm0,2,True,False,aabjm0,
688,I think my cat knows how cute she is,aww,t3_aabzvq,0,False,False,aabzvq,
689,Why yes I know I am a mess BUT who can deny a fresh mud puddle!,aww,t3_aaheqd,0,False,False,aaheqd,
690,Carrot time in slow motion,aww,t3_aa0lge,100,True,False,aa0lge,
691,Things never change,aww,t3_aabkm6,1,False,False,aabkm6,
692,My brovaries just exploded.,aww,t3_aa02tn,117,True,False,aa02tn,
693,"New bunny, Licorice. He‚Äôs a little nervous about his new home, but he‚Äôs been warming up to it :)",aww,t3_aaes6a,0,False,False,aaes6a,
694,Rosie and I play this game every night. She always comes running back for more.,aww,t3_aahdba,3,True,False,aahdba,
695,Love,aww,t3_aacsse,0,False,False,aacsse,
696,Couch pouch,aww,t3_aafdpg,2,False,False,aafdpg,
697,Mother sees all the children in the same eye!,aww,t3_aabmfz,1,False,False,aabmfz,
698,"Retriever greetings, he loves giving gifts ‚ù§Ô∏è‚ù§Ô∏è‚ù§Ô∏è",aww,t3_aaf1ie,0,False,False,aaf1ie,
699,Zoey enjoying a snowy hike on Christmas Eve,aww,t3_aac3g1,1,False,False,aac3g1,
700,David and Goliath: The Aww Chronicles,aww,t3_aafchl,0,False,False,aafchl,
701,Almost 11 years of pure love,aww,t3_aadyxl,2,False,False,aadyxl,
702,"My doggo can‚Äôt have pups, so she carries socks around instead",aww,t3_aaegbe,1,False,False,aaegbe,
703,I wasn't feeling well and my puppers wanted to comfort me. My 8 yo. blue heeler.,aww,t3_aaega7,0,False,False,aaega7,
704,Deaf little girl finds out she's going to be a big sister,aww,t3_aabfnj,0,False,False,aabfnj,
705,"""Hi there!""",aww,t3_a9zief,201,True,False,a9zief,
706,"Pleased to meet you, Your Grace",aww,t3_aacf8h,1,False,False,aacf8h,
707,Australian Dingo,aww,t3_aafgzw,3,False,False,aafgzw,
708,My sisters teacup Pomeranian,aww,t3_aaeyxa,2,False,False,aaeyxa,
709,Sound: ON üîä,aww,t3_aahzlr,0,True,False,aahzlr,
710,"If I fits, I sits: EXTREME EDITION",aww,t3_aa0wjz,45,False,False,aa0wjz,
711,Couldn't find nails after vacuuming. Eventually found him in the kitchen,aww,t3_aacb1t,7,False,False,aacb1t,
712,Toy time,aww,t3_aah9b6,0,True,False,aah9b6,
713,My friends cat Autumn napping,aww,t3_aafm6d,0,False,False,aafm6d,
714,Hey Ho Let‚Äôs Go! Can‚Äôt wait for 2019 to get here. As you can see either can Teddy!,aww,t3_aabtc0,12,False,False,aabtc0,
715,Good ol' face rubs,aww,t3_aaffgu,0,True,False,aaffgu,
716,Michael Jackson documentary- Fuzzy not impressed üòß,aww,t3_aag0br,4,False,False,aag0br,
717,Our orange boy covers his eyes when napping,aww,t3_aae3uz,1,False,False,aae3uz,
718,"My grandfather is the classic north-italy farmer, he has his own house and this is Pippo, his dog. Pippo watches the house from wild animals that may damage the plants. Since he is raised to be kind of a guard-dog, he is not used to getting love, always shy to come close and get pets, so cute.",aww,t3_aa1ppz,37,False,False,aa1ppz,
719,"This is the face I get whenever we aren‚Äôt comfortable and warm inside. So spoiled, so concerned. :p",aww,t3_aabv0p,5,False,False,aabv0p,
720,Theres some but still not enough lovw for these slow bois,aww,t3_aa79bz,10,False,False,aa79bz,
721,always have to sit on my lap no matter what,aww,t3_aafln7,3,False,False,aafln7,
722,Here's a picture of my mothers 18 yr old tabby! say Hello to Precious,aww,t3_aaehhv,1,False,False,aaehhv,
723,Someone joined us for xmas brunch üòÇ,aww,t3_aafz93,2,False,False,aafz93,
724,This need a caption,aww,t3_aah7ws,4,False,False,aah7ws,
725,Fresh meat,aww,t3_aabchm,8,True,False,aabchm,
726,my sweet boy &lt;3,aww,t3_aaagiy,14,False,False,aaagiy,
727,My Christmas Baby,aww,t3_aaeup6,4,False,False,aaeup6,
728,"The worst part of my day, leaving for work while my cats look so gosh darn comfy and i want to join them",aww,t3_aaacg2,2,False,False,aaacg2,
729,"Nap All Day, Blep All Night!",aww,t3_aae51m,0,False,False,aae51m,
730,She thinks it‚Äôs important to be on it cause I‚Äôm on it,aww,t3_aaf00n,2,False,False,aaf00n,
731,Don't hate on me for being late but just look at him,aww,t3_aaejls,1,False,False,aaejls,
732,what (sound on),aww,t3_aadntu,0,False,False,aadntu,
733,Our family Christmas photo this year,aww,t3_aacvp1,10,False,False,aacvp1,
734,When your parents come home unexpectedly and bust you,aww,t3_aa0cel,55,False,False,aa0cel,
735,Kneading jeans biscuits for a taste of finger.,aww,t3_aaguux,0,True,False,aaguux,
736,My 5 week old chihuahua puppies üíñüíñ,aww,t3_aafp0e,0,False,False,aafp0e,
737,loaf mode has been activated,aww,t3_aabmki,0,False,False,aabmki,
738,its amazing,aww,t3_aaa4na,8,False,False,aaa4na,
739,"This is Shell, and she can't leave me alone!",aww,t3_aaf3rb,0,False,False,aaf3rb,
740,Today is my cat‚Äôs 2nd birthday. Here‚Äôs a photo of the day we brought him home from the rescue.,aww,t3_aaa3ip,4,False,False,aaa3ip,
741,She loves belly rubs,aww,t3_aaebvp,0,False,False,aaebvp,
742,My dog wearing her winter hat,aww,t3_aaeluh,1,False,False,aaeluh,
743,Our rescue Blaze,aww,t3_aaf2b1,1,False,False,aaf2b1,
744,The happiest hiking dog ever,aww,t3_aae10e,0,False,False,aae10e,
745,A dresser full of cuteness,aww,t3_aaeaf0,0,False,False,aaeaf0,
746,I had never heard of a Catahoula before Turbo but I‚Äôm sure glad I found him,aww,t3_aadjlt,5,False,False,aadjlt,
747,Mom got uncle Tony a Bengal kitten for Xmas. He seemed annoyed at first but I think he's warming up to him. He named him beavis. Uncle Tony always let me watch beavis and butthead when my mom didn't want me to so this warms my heart a bit.,aww,t3_aabtvb,12,False,False,aabtvb,
748,My cat realizing she is stuck between the counter and the chair,aww,t3_aaef6s,1,False,False,aaef6s,
749,This creature gives me purpose,aww,t3_aabdvc,2,False,False,aabdvc,
750,Multiple dogs brutally attack small child,aww,t3_aae4j0,2,True,False,aae4j0,
751,Cat bein cat,aww,t3_aaeph7,0,False,False,aaeph7,
752,special moment of a dog ..!,aww,t3_aaeou7,0,False,False,aaeou7,
753,Getting weighed,aww,t3_aacbvu,2,False,False,aacbvu,
754,New puppies are born!,aww,t3_aae882,1,False,False,aae882,
755,Flashback to his first time in grass. Happy first birthday Reinhardt!,aww,t3_aaetxe,1,False,False,aaetxe,
756,Found this cute kitten,aww,t3_aab7b0,6,False,False,aab7b0,
757,Due to popular demand- here‚Äôs an album of Sybbie‚Äôs lil cows.,aww,t3_aafyts,1,False,False,aafyts,
758,watching the world,aww,t3_aag6ey,0,False,False,aag6ey,
759,Old boy enjoying rubs &amp; the sun,aww,t3_aaa5jo,0,False,False,aaa5jo,
760,What is he thinking? ( Comment below.),aww,t3_aahppt,5,False,False,aahppt,
761,My best bud,aww,t3_aadjr0,2,False,False,aadjr0,
762,Brought one of my clients dogs home to meet mine. Think it went well,aww,t3_aagzia,0,False,False,aagzia,
763,Cat loves hugs.,aww,t3_aafpkj,2,False,False,aafpkj,
764,A spiny lumpsucker fish. What a cute little floof!,aww,t3_aacjn3,1,False,False,aacjn3,
765,Felix and Nico cuddle like this every day.,aww,t3_aadv5q,3,False,False,aadv5q,
766,Moments before puppy becomes king of the household.,aww,t3_aafgqs,0,False,False,aafgqs,
767,Road trip,aww,t3_aae9f5,0,False,False,aae9f5,
768,So handsome.,aww,t3_aaepz8,0,False,False,aaepz8,
769,Whenever he gets a new toy we must play chase. He even growls like a puppy!,aww,t3_aaejpq,1,True,False,aaejpq,
770,"Fortunata, ""sheppard bat mix"", before and after I took her in",aww,t3_aagmtu,4,False,False,aagmtu,
771,"My cats don't like to kill little creatures, so I come home to scenarios like this",aww,t3_aadcpe,4,False,False,aadcpe,
772,"My 14 year old Yorkie, Wickett .",aww,t3_aaeujb,1,False,False,aaeujb,
773,[OC] When someone asks me how's my love-life:,aww,t3_aaeia9,0,True,False,aaeia9,
774,When no one is home we do stupid things like doing photo shoots.,aww,t3_aaflka,1,False,False,aaflka,
775,Good boy in the snow,aww,t3_a9z8ud,28,False,False,a9z8ud,
776,Caught in a live trap at my in-laws.,aww,t3_aaehja,3,False,False,aaehja,
777,So dapper with his scarf.,aww,t3_aaabw5,1,False,False,aaabw5,
778,"Same pose, 4 months apart!",aww,t3_aa12d3,23,False,False,aa12d3,
779,Nip crash,aww,t3_aafd4z,1,False,False,aafd4z,
780,Noodles,aww,t3_aae08x,2,False,False,aae08x,
781,"My new baby boy, born at 28 weeks",aww,t3_aai0pn,7,False,False,aai0pn,
782,Lola is taking a rest after the busy Christmas season,aww,t3_aaelnh,0,False,False,aaelnh,
783,"My little rescue hanging out, waiting for affection",aww,t3_aahzwo,2,False,False,aahzwo,
784,Cat vs legs: sometimes we are our own worst enemies.,aww,t3_aag8lu,1,False,False,aag8lu,
785,My pup got an otter toy for Christmas ‚ù§Ô∏è,aww,t3_aafb9o,0,False,False,aafb9o,
786,"My baby shook her head ""no"" to let me know she is not mad at me",aww,t3_aahj4p,0,False,False,aahj4p,
787,"My rescue, Apollo, always greets me in the morning like this",aww,t3_aae8q9,0,False,False,aae8q9,
788,The newest addition to our family,aww,t3_aac6vb,3,False,False,aac6vb,
789,Whose cat lies like this?,aww,t3_aa9g0q,1,False,False,aa9g0q,
790,Naptime Blep from Ted,aww,t3_aah496,0,False,False,aah496,
791,Smotchies all around,aww,t3_aadwvq,3,True,False,aadwvq,
792,Felicia and Trish took my seat,aww,t3_aaap1o,4,False,False,aaap1o,
793,Baby can't say ice cream.,aww,t3_aa9vl4,7,False,False,aa9vl4,
794,Almost a year together I think they like each other. Left Lelu (Multipass) Right Vivi,aww,t3_aabnjq,1,False,False,aabnjq,
795,she doesn‚Äôt believe in the concept of personal space,aww,t3_a9ze2y,222,False,False,a9ze2y,
796,Doggo always sucks on my fingers for comfort,aww,t3_aafog0,0,False,False,aafog0,
797,"Saw this dog poking its head out of this bush/fence thing (near Lake Geneva, Switzerland)",aww,t3_aadhmh,0,False,False,aadhmh,
798,My boy looking out the window,aww,t3_aafg6w,0,False,False,aafg6w,
799,I'm gonna squish it,aww,t3_aaeu02,1,False,False,aaeu02,
800,Puppy tried her harness today. Not sure if she liked it.,aww,t3_aadp5k,4,False,False,aadp5k,
801,"This is Kiva, my foster failure. I had to adopt her because nobody wanted a black, shy dog from the reservation. She has turned out to be the best dog I've ever had.",aww,t3_aa0vhl,59,False,False,aa0vhl,
802,Abracadabra!,aww,t3_aaes8j,4,True,False,aaes8j,
803,My dad sent me this picture of his poodles having a cuddle and I just had to share.,aww,t3_aaflvb,0,False,False,aaflvb,
804,"Hello Reddit! Meet Lucky, a 16 year old tabby/calico mix! (Yes, this is my cat)",aww,t3_aabqwg,4,False,False,aabqwg,
805,Raccoon and Rottweiler fighting! Actually Panda and Raven are best buddies and wrestle thruout the day.,aww,t3_aag2i7,0,True,False,aag2i7,
806,Buddies,aww,t3_aaa294,0,False,False,aaa294,
807,"Bart and Milhouse, my children's christmas kitties :) A bonded pair from our local shelter, we showed up minutes after they were surrendered.",aww,t3_aadcuk,4,False,False,aadcuk,
808,"Rediscovered this picture of my childhood cat, he lived to 21. (2012?)",aww,t3_aabkqb,0,False,False,aabkqb,
809,Fuzzier than his fuzzy bed,aww,t3_aaf3pg,1,False,False,aaf3pg,
810,So Warm!!!! ^^,aww,t3_aagyti,7,False,False,aagyti,
811,My cat after hearing mice noise,aww,t3_aae6us,2,False,False,aae6us,
812,My sweet little Lola,aww,t3_aae6qh,3,False,False,aae6qh,
813,This bookstore in Seattle is very cat-friendly,aww,t3_aa2lj2,27,False,False,aa2lj2,
814,Waiting for a snack .. as always,aww,t3_aaacdw,0,False,False,aaacdw,
815,Street dog in Georgia üá¨üá™,aww,t3_a9zbvk,197,False,False,a9zbvk,
816,hard work does pay off...,aww,t3_aaebq9,0,False,False,aaebq9,
817,Our cat thinks he's a bat.,aww,t3_aacqge,1,False,False,aacqge,
818,This is Freddy. Freddy weighs a whole stone.,aww,t3_aaahfo,3,False,False,aaahfo,
819,My lazy doggo,aww,t3_aafhqa,1,False,False,aafhqa,
820,Flopped Babies,aww,t3_aaeuin,0,False,False,aaeuin,
821,Resting after a long day of resting,aww,t3_aaf1lp,0,False,False,aaf1lp,
822,waiting for her walk,aww,t3_aaaytt,0,False,False,aaaytt,
823,She sploots like a pro.,aww,t3_aadog0,0,False,False,aadog0,
824,I painted our schnauzer Violet. :3 My mom was so happy when she saw the painting.,aww,t3_aad5m7,1,False,False,aad5m7,
825,Help me name this penguin that comes to my house every day.,aww,t3_aafh7j,8,False,False,aafh7j,
826,Boyfriend left his dog with my family.,aww,t3_aad1aa,0,False,False,aad1aa,
827,Shower buddy,aww,t3_a9zei1,458,True,False,a9zei1,
828,We meet the mother of our puppy and she stole his toy.,aww,t3_aab737,1,True,False,aab737,
829,My husband stole my sleeping mask.,aww,t3_aagkal,9,False,False,aagkal,
830,A gentleman on the train wanted to introduce himself to me,aww,t3_aafghz,1,False,False,aafghz,
831,"These siblings who are very different in size. (Top: Luna, 3y/o Bottom: Orbits, 3 y/o)",aww,t3_aacwkv,2,False,False,aacwkv,
832,New Year's resolutions,aww,t3_aadnar,3,True,False,aadnar,
833,Large Pub Doggo,aww,t3_aaadtk,3,False,False,aaadtk,
834,Monday blues,aww,t3_aadsa0,1,False,False,aadsa0,
835,I had a helper while working on my dish washer!,aww,t3_aaaijb,5,False,False,aaaijb,
836,My aunts cat,aww,t3_aadx9n,0,True,False,aadx9n,
837,Air fluff / tumble dry,aww,t3_aae8x6,1,False,False,aae8x6,
838,One year ago today that we added this furball to the family.,aww,t3_aaezul,0,False,False,aaezul,
839,My Dog Snores Louder than Hubby,aww,t3_aah9ku,0,False,False,aah9ku,
840,"Rino, the most majestic nerdy dog I know",aww,t3_aad3y5,1,False,False,aad3y5,
841,Milton found his favorite spot,aww,t3_aacrpl,2,False,False,aacrpl,
842,When you wake up and remember it's Friday!,aww,t3_aa9sjt,1,False,False,aa9sjt,
843,Holiday dog is in season,aww,t3_aad3ap,0,False,False,aad3ap,
844,My Daughter‚Äôs First Painting With Help From Bob Ross,aww,t3_a9z8be,106,False,False,a9z8be,
845,She was snooping and found the secret replacement bedtime bunny in the event she ever lost her original.,aww,t3_aaf6jh,8,False,False,aaf6jh,
846,Jameson reminding me he hasnt had any pets in 10 whole minutes...,aww,t3_aac8sr,1,False,False,aac8sr,
847,"Fruit ninja cat, they love games too",aww,t3_aabr7z,0,False,False,aabr7z,
848,Together,aww,t3_aae14u,0,False,False,aae14u,
849,The perfect cat bun,aww,t3_aaejx2,0,False,False,aaejx2,
850,My little Pumpkin boi hopes you guys are having a happy holidays!!,aww,t3_aaej73,0,False,False,aaej73,
851,"My dad found this little guy trekking across the back yard, chomping dandelions like a boss, and picking fights with the dogs.",aww,t3_aacwyx,0,False,False,aacwyx,
852,He‚Äôs cuteee,aww,t3_aad523,8,False,False,aad523,
853,Waiting for Santa,aww,t3_aadj7e,3,False,False,aadj7e,
854,Here's a pic of my chunky lil' girl,aww,t3_aaei97,3,False,False,aaei97,
855,He so fast,aww,t3_aaehqr,1,True,False,aaehqr,
856,Happy Friday y‚Äôall,aww,t3_aafl27,1,False,False,aafl27,
857,Fox found napping on microwave in Mitcham home(Link to original article in comments),aww,t3_aaboyu,1,False,False,aaboyu,
858,passing the time at the airport,aww,t3_aacctr,3,False,False,aacctr,
859,He do a sniff,aww,t3_aadcxz,4,True,False,aadcxz,
860,"In this symbiotoc relationship, man consumes the alcohol, achieving inebriation and relaxtion. In turn, the waste creates a shelter for the domesticated house cat, where the cat will proceed to ignore the human until the biped is distracted.",aww,t3_aaegr7,1,False,False,aaegr7,
861,Stacking dice on a cat's foot,aww,t3_aaaujh,2,False,False,aaaujh,
862,OH LAWD HE REALLY COMIN,aww,t3_aa3inz,13,False,False,aa3inz,
863,What a ruff day,aww,t3_aaen9i,0,False,False,aaen9i,
864,We chopped onions and the entire family were suffering. One day we‚Äôll make the onions cry.,aww,t3_aaaixi,6,True,False,aaaixi,
865,Another picture of Bob Ross. This time with a baby raccoon.,aww,t3_aa0zms,36,False,False,aa0zms,
866,Dive in Flying Style,aww,t3_aaaith,2,False,False,aaaith,
867,My 17yo girl. Exhausted after a day of whatever the hell she does while I‚Äôm away.,aww,t3_aa9oi0,1,False,False,aa9oi0,
868,For Christmas we got a drawing of our goodest boy,aww,t3_aa6qee,9,False,False,aa6qee,
869,My favorite photo of my beautiful Australian Cattle Dog!,aww,t3_aabasp,3,False,False,aabasp,
870,Dropped my bags at the airport,aww,t3_aa7gqh,10,False,False,aa7gqh,
871,My squishy little girl!,aww,t3_aadnqh,3,False,False,aadnqh,
872,Wife and pup watching the fire.,aww,t3_aadtcc,0,False,False,aadtcc,
873,Doggy it‚Äôs Cold Outside,aww,t3_aaeqv7,0,False,False,aaeqv7,
874,What are you looking at?,aww,t3_aaffru,0,False,False,aaffru,
875,We were both Santa this year,aww,t3_aafp9i,0,False,False,aafp9i,
876,"My good birthday boye, Kyzer",aww,t3_aaebza,0,False,False,aaebza,
877,HOW'D YOU GET ON THE TABLE!!!!!!!,aww,t3_aafzo3,0,False,False,aafzo3,
878,"Finally, you woke up!!",aww,t3_aae50o,0,False,False,aae50o,
879,He loves his new socks!,aww,t3_aagaiq,0,False,False,aagaiq,
880,Sitting here playing LIFE with the wife and the cat decided to walk across the board and lay in the box with the LIFE tokens.,aww,t3_aai186,2,False,False,aai186,
881,I love dirts,aww,t3_aabo5y,3,False,False,aabo5y,
882,"Feeding a kangaroo in Caversham, Australia",aww,t3_aai0q0,2,True,False,aai0q0,
883,Kittens' mom blossoms,aww,t3_aad1vl,0,False,False,aad1vl,
884,Saw this on r/photoshopbattles and awwwwed,aww,t3_aafebb,0,False,False,aafebb,
885,Shelby sleeps hard when she naps,aww,t3_aaeh85,0,False,False,aaeh85,
886,He's a good boy.,aww,t3_aab890,1,False,False,aab890,
887,Someone doesn't like thunder,aww,t3_aahzxi,0,False,False,aahzxi,
888,It is impossible to get good pictures of him if hes not eating because he is such a speedy boi,aww,t3_aagl0a,0,False,False,aagl0a,
889,Incepta-kitty,aww,t3_aa5j6c,14,False,False,aa5j6c,
890,"Even though she‚Äôs all grown up, she still gives me the puppy eyes.",aww,t3_aae1tu,5,False,False,aae1tu,
891,2019 Box Special Editions,aww,t3_aae1s3,4,False,False,aae1s3,
892,Reggie in his happy place (my bed),aww,t3_aaaesi,1,False,False,aaaesi,
893,Our little Tootsies new leg warmers and hat,aww,t3_aacyop,1,False,False,aacyop,
894,Couldn‚Äôt find our husky until I saw her little snoot poking out,aww,t3_aad7bi,3,False,False,aad7bi,
895,My cat loves to do massage,aww,t3_aadc9s,8,True,False,aadc9s,
896,Kitten exploring my ipad,aww,t3_aacsvs,0,False,False,aacsvs,
897,He has a lot of determination,aww,t3_aabs0c,2,True,False,aabs0c,
898,my friend got a new kitten and has been sending me pictures of him nonstop. meet little Hugo!,aww,t3_aacws9,2,False,False,aacws9,
899,"Adopeted one and found out a few weeks later that his brother wasn't going to be abopted. It took them a few days to get comfortable with each other, again",aww,t3_aablvn,0,False,False,aablvn,
900,"This is my best friends fat cat, I love him.",aww,t3_aadgpa,3,False,False,aadgpa,
901,As snug as a bug in a rug.,aww,t3_aaezxz,0,False,False,aaezxz,
902,"Well, well Turn off the light! Don't you see, I'm still sleeping!!!",aww,t3_aadle1,0,False,False,aadle1,
903,My cat loathes my little brother.,aww,t3_aad4si,2,True,False,aad4si,
904,My boy Anders takes better selfies than I ever will,aww,t3_aadx2p,0,False,False,aadx2p,
905,I think she‚Äôs planing something... üòÇ,aww,t3_aae3pu,2,False,False,aae3pu,
906,First time seeing snow!,aww,t3_aa54lm,5,False,False,aa54lm,
907,Please mahm may I have some more üò¨,aww,t3_aad43u,1,False,False,aad43u,
908,My rescue pups sleeping soundly üòäüê∂,aww,t3_aacljb,2,False,False,aacljb,
909,"Reddit, meet Ari. 10 week old blue heeler",aww,t3_aacywx,0,False,False,aacywx,
910,Blaze helping with our bathroom reno,aww,t3_aaf7dg,0,False,False,aaf7dg,
911,Its like Tom and Jerry,aww,t3_aa9kw3,2,True,False,aa9kw3,
912,I'm going to miss him when I go back to uni,aww,t3_aaa88i,2,False,False,aaa88i,
913,the council shall oversee your judgement,aww,t3_aa0r97,40,False,False,aa0r97,
914,Do train stations count?,aww,t3_aackwy,1,False,False,aackwy,
915,Mr. Photogenic over here,aww,t3_aa3qh7,6,False,False,aa3qh7,
916,Cute little boy gets a banana!,aww,t3_aae8bu,0,False,False,aae8bu,
917,The Real Star of our Family Photos,aww,t3_aaayj0,1,False,False,aaayj0,
918,Miyu was so good with the ornaments... until today,aww,t3_aahszm,0,False,False,aahszm,
919,Rescued 2 year old Molly yesterday from the shelter!,aww,t3_aac6dv,5,False,False,aac6dv,
920,He's a very photogenic sleeper :),aww,t3_aacr2z,1,False,False,aacr2z,
921,I met my new best friend today,aww,t3_aacr30,0,False,False,aacr30,
922,Oh boy a snow day!,aww,t3_a9zmfw,53,False,False,a9zmfw,
923,This little man,aww,t3_aadzij,9,False,False,aadzij,
924,Haku loves his new ball,aww,t3_aacde1,1,False,False,aacde1,
925,Let's just appreciate how cute this catepillar looks,aww,t3_aacq7l,0,False,False,aacq7l,
926,Lazy friday,aww,t3_aaczri,0,False,False,aaczri,
